term,translation
Altersguthaben,avere di vecchiaia
avoir de vieillesse,avere di vecchiaia
Altersgutschrift,accrediti di vecchiaia
bonification de vieillesse,accrediti di vecchiaia
Anmeldung Begünstigung Lebenspartner,Notifica partner di vita come beneficiario
Désignation du concubin comme bénéficiaire,Notifica partner di vita come beneficiario
Anmeldung Begünstigung Todesfallkapital,Notifica beneficiario capitale di decesso
Désignation du bénéficiaire du capital en cas de décès,Notifica beneficiario capitale di decesso
Anrechenbarer Lohn,salario determinante
salaire déterminant,salario determinante
Basisplan,piano di base
assurance de base,piano di base
Bezug Teil-Altersrente,Rendita di vecchiaia parziale
Rente de vieillesse partielle,Rendita di vecchiaia parziale
Bezug Teil-Invalidenrente,Rendita d’invalidità parziale
Rente d'invalidité partielle,Rendita d’invalidità parziale
Bonusplan,piano bonus
assurance bonus,piano bonus
Bonusplan (einmal jährlich*),Piano bonus (una volta all’anno*)
Plan de bonus (une fois l'an),Piano bonus (una volta all’anno*)
Finanzbuchhaltung,Contabilità finanziaria
comptabilité financière,Contabilità finanziaria
Freizügigkeitskonto,conto di libero passaggio
compte de libre passage,conto di libero passaggio
Freizügigkeitsleistung,prestazione di libero passaggio
prestation de libre passage,prestazione di libero passaggio
Hochrechnung Altersguthaben Basisplan,Proiezione avere di vecchiaia piano di base
Projection avoir de vieillesse assurance de base,Proiezione avere di vecchiaia piano di base
Kontaktperson,persona di contatto
personne de contact,persona di contatto
Konto Vorzeitige Pensionierung,conto pensionamento anticipato
compte retraite anticipée,conto pensionamento anticipato
Koordinationsabzug,quota di coordinamento
montant de coordination,quota di coordinamento
Kürzung infolge Teil-Invalidität,Riduzione a causa d’invalidità parziale
Réduction suite à une invalidité partielle,Riduzione a causa d’invalidità parziale
Kürzung infolge Teil-Pensionierung,Riduzione a causa di pensionamento parziale
Réduction suite à une retraite partielle,Riduzione a causa di pensionamento parziale
Leiter Administration,Responsabile amministrazione
responsable Administration,Responsabile amministrazione
Lohnart (LOA),voce paga (v. paga)
rubrique de salaire (rubr. sal.),voce paga (v. paga)
Persönlicher Einkauf,riscatto personale
rachat personnel,riscatto personale
Raiffeisen Pensionskasse,Raiffeisen Cassa pensioni
Raiffeisen Caisse de retraite,Raiffeisen Cassa pensioni
Sparguthaben,avere di risparmio
avoir d'épargne,avere di risparmio
Spargutschrift,accredito di risparmio
bonification d'épargne,accredito di risparmio
Unterdeckung,la sottocopertura
la situation de découvert,la sottocopertura
Versichertennr. AHV-IV,No d'assicurato AVS-AI
N° d'assuré AVS-AI,No d'assicurato AVS-AI
Versicherter Bonus Risiko,Bonus di rischio assicurato
Bonus assuré pour le risque,Bonus di rischio assicurato
Versicherter Bonus Sparen,Bonus di risparmio assicurato
Bonus assuré pour l'épargne,Bonus di risparmio assicurato
Versicherter Lohn,salario assicurato
salaire assuré,salario assicurato
Verwaltungskosten,spese amministrative
Frais administratifs,spese amministrative
Vorbezug infolge Ehescheidung,Prelievo anticipato a seguito di divorzio
Versement anticipé en cas de divorce,Prelievo anticipato a seguito di divorzio
Vorbezug WEF,Prelievo anticipato PPA
Versement anticipé EPL,Prelievo anticipato PPA
Vorsorgeberater,consigliere di previdenza
conseiller de prévoyance,consigliere di previdenza
Vorsorgeberaterin,consigliera di previdenza
conseillère de prévoyance,consigliera di previdenza
Vorzeitige Pensionierung,Pensionamento anticipato
Retraite anticipée,Pensionamento anticipato
VP-Konto,conto PA
compte RA,conto PA
Zusatzkonto,conto supplementare
compte supplémentaire,conto supplementare
(auf)runden  auf ganze Franken,arrotondare al franco
(GeschŠfts)Ÿbernahme,rilievo (di  un'azienda)
Abgang,recesso
Abgleich,controllo incrociato
AbklŠrung,"chiarimento, chiarificazione"
Abrechnen,liquidare
Abrechnung,Conteggio
Abredeversicherung,assicurazione mediante accordo
Abstufungen,graduazione
Abweichungen,divergenze
AbwŠrtstrend,declino
AHV-†berbrŸckungsrente,Supplemento temporaneo AVS
Aktienbestand,"portafoglio azionario, azioni in portafoglio"
Aktienbšrsen,mercati azionari
Aktiengesellschaft,societˆ anonima
Aktienindex,"indice azionario, indice delle quotazioni (azionarie)"
AktienmŠrkte,mercati azionari
Aktienrendite,rendimento delle azioni
aktive Rechnungsabgrenzung (transitorische Aktiven),ratei attivi
Altersstruktur,struttura per etˆ
ALV,AD
ambulanten,ambulatoriali
amtlich bestŠtigter,convalidata ufficialmente
Amtsperiode,periodo di carica
angefochten,impugnata
angemessen,"Equo, appropriato, debito"
anhaltend,persistente
Anlageklassen,classi di attivitˆ
Anlagestrategie,strategia d'investimento
Anlagevermšgen,"attivo immobilizzato, capitale investito, patrimonio fisso"
Anleger,investitori
"Anrechenbar, anrechnen","Computabile, computare"
Anrechnung,"Presa in considerazione, il mettere in conto, imputazione, computo"
Anschlussvereinbarung,convenzione dÕadesione
Anspruchsberechtigung,condizioni di concessione
Anspruchsende,estinzione del diritto
Anstellungsbestimmungen,condizioni d'assunzione
Anteil an,Quota parte di
AnteilmŠssig,Pro rata temporis / proporzionalmente
AnteilmŠssiger Anspruch,Diritto di partecipazione proporzionale
AnteilsmŠssig,proporzionalmente
Anwartschaft,aspettativa
anwartschaftliche Rente,"rendita eventuale (futura), diritto acquisito ad una pensione"
Arbeitnehmer,"salariato, lavoratore"
Arbeitseinsatzes,periodo di lavoro
arbeitslos gemeldet,annunciato all'assicurazione contro la disoccupazione
ArbeitslosenentschŠdigung,indennitˆ di disoccupazione
Arbeitslosentaggeld,indennitˆ giornaliere di disoccupazione
Arbeitslosenversicherung,Assicurazione contro la disoccupazione
ArbeitsunfŠhigkeit,incapacitˆ al (di) lavoro / incapacitˆ lavorativa
ArbeitsunterbrŸche,interruzioni del lavoro
Arztzeugnis,certificato medico
Asset allocation,asset allocation
Auf sich nehmen (BeitrŠge usw.),Farsi carico di
aufgelšst,risolta
aufgeschoben,differito
Auflšsung von Reserven,utilizzo di riserve (sciogliere le riserve)
Aufschiebende Wirkung,Effetto sospensivo
Aufsichtsbehšrde,Autoritˆ di vigilanza
Auftrages,mandato
Auftragsverarbeiter,responsabile del trattamento
Aufwand (­ Kosten),"impegno (di risorse), onere"
aufweisen,"mostrare, presentare, vantare"
AusdrŸckliche Zustimmung,Consenso espresso
ausfinanziert,Rifinanziato
ausgewogen,equilibrato
Ausgleichskasse,cassa di compensazione
Ausschreibungen,bandi
Ausschuss,"commissione, comitato"
Aussenversicherung,Assicurazione esterna
Ausstellen (einen Ausweis),Rilasciare (una tessera)
AusŸbung der Rechte,esercizio dei diritti
Baisse,ribasso
Bankguthaben,avere in banca
Barwert,valore attuale
Basis-Bruttogewinngarantie,utile di base lordo garantito
Basisversicherte,assicurati di base
Bau- und Planungsrecht,diritto edilizio e della pianificazione del territorio
Baubewilligungspflichtige,soggetti a licenze di costruzione
"Beachtung, unter B. der Vorschriften",in osservanza delle prescrizioni
Beendigung des ArbeitsverhŠltnisses,cessazione del rapporto di lavoro
"BegrŸndung eines Anspruchs, eines Rechts",costituzione/apertura di un diritto
Beitragsbefreiung,esenzione dai contributi
beitragsfrei,esente da contributo
beitragspflichtiger Lohn,salario contributivo
Beitreten,Aderire
Beklagter,convenuto
Beraubung,Rapina
Bereinigungsverfahren,procedura di conciliazione
Bergungen,recupero
Bericht,Rapporto
Berichtsjahr,Esercizio (anno) in esame
Berufs- und Nichtberufsunfallversicherung,assicurazione contro gli infortuni professionali e non professionali
Berufskrankheiten,malattie professionali
Berufsunfall,infortunio professionale
BerŸcksichtigen (eine Tatsache),Tenere conto di
BerŸcksichtigen (einen Betrag),Prendere in considerazione
Beschlussfassung,deliberazione
beschlussfŠhig,deliberare validamente
Beschwerde,"Ricorso, appello"
Beschwerde erheben,ricorrere contro
Besitzstand,diritti acquisiti
besondere Datenkategorien,categorie particolari di dati
Bestand (der Versicherten usw.),effettivo (degli assicurati ecc.)
Bestandesprovision,provvigione di portafoglio
BestŠtigung,Attestato
Betreibung,domanda d'esecuzione
Betreibungen,Esecuzioni
Betreibungsbegehren,domanda d'esecuzione
Betrieb,Azienda
Betriebskosten,Spese d'esercizio
Betriebsrechnung,conto d'esercizio
Betroffene,Persone interessate
betroffene Person,interessato
beziehen (Lohn usw.),riscuotere
Bilanz (techn.),bilancio (tecnico)
Bilanzsumme,totale del (di) bilancio
Bis auf Weiteres,Fino a nuovo avviso
Bisherig,"Precedente, esistente, previgente"
bleiben jedoch bestehen,persistono
bleiben unverŠndert,restano invariate
Bonus,Bonus (auch Mz)
Bruttorendite,reddito lordo
buchhalterisch,contabile
Bundesamt fŸr Sozialversicherung,Ufficio federale delle assicurazioni sociali
Bundesversammlung,Assemblea federale
BVG-Ehegattenrente,rendita vedovile
Bšrsenbaisse,ribasso delle borse
Bšrsenentwicklung,evoluzione di borsa
Bšrsenkurs,corso (od. quotazione) in (od. di) borsa
Callgeld,prestito giornaliero
Dauer der Versicherung,Durata dellÕassicurazione
Davon betroffen sein,"Essere implicato, interessato, coinvolto"
Deckungsgrad,grado di copertura
Deckungskapital,riserva matematica
DeckungslŸcke,vuoto di copertura
die gesteckten Ziele,gli obiettivi prefissati
Dienstaustritt,dimissioni
Diverse,varia
diverse Debitoren,debitori vari
Dotationskapital,capitale di dotazione
DSGVO,RGPD
DurchfŸhrbarkeitserklŠrung,dichiarazione di fattibilitˆ
Eckdaten,dati di riferimento
Ehemalig,ex
eheŠhnliche Gemeinschaft,convivere maritalmente
Einberufung,convocazione
Eine Rente beziehen,Percepire una rendita
einen Antrag stellen,presentare domanda
einen Lohn beziehen,riscuotere il salario
Einen Vertrag auflšsen,"Annullare, rescindere, risolvere"
Einen Vertrag kŸndigen,"Disdire, denunciare un contratto"
einen Vorschuss leisten,effettuare un anticipo
Einfluss von Medikamenten,effetto di farmaci
EinfŸhrung (z.B. eines Gesetzes),adozione (di una legge)
Eingang,data di ricezione
Eingliederungsmassnahmen,misure d'integrazione
Eingliederungszeit,reintegrazione
Einigung erzielen,Venire ad un accordo
Einkauf,"acquisto, riscatto"
Einkommen,reddito
Einmalzahlung,unica soluzione
Einnahmen,Introiti
Einnahmen und Ausgaben,entrate e  uscite
Einsichtsfrist,presa di visione
Einsprache erheben,fare opposizione a
Eintritt  eines Vorsorgefalls,Insorgere (verificarsi) di un caso di previdenza
Einzahlungsschein,Polizza di versamento
Einzahlungsschein (Post),"polizza di versamento (rossa, arancione)"
Einzelversicherung,assicurazione individuale
Einzelversicherung / Kollektivversicherung,assicurazione individuale / collettiva
ElementarschŠden,Danni della natura
"endet, Ende","si estingue, estinzione"
"Entfallen, wegfallen (eines Rentenanspruchs) - wegfallen (z.B. eines Grunds)",Essere soppresso
Entspannung,distensione
"entsteht, Entstehung (eines Anspruchs)","sorgere, nascita"
EO,IPG
Erbrecht,diritto successorio
erfŸllte Beitragsjahre,anni contributivi compiuti
Erhalt,ricezione
Erhšhung,accrescimento
Erhšhungsbeitrag,contributo straordinario
erlassen,emanare
erschwerten Bedingungen,condizioni pi onerose
Erstellen,"Redigere, stabilire, fissare"
Erstellen (einrichten) eines Kontrollverfahrens,"Sviluppare, eseguire, effettuare una procedura di controllo"
erstellen (z.B. Bilanz),"Approntare, compilare (Rechnung)"
Erstellen eine Liste,"Stilare un elenco, compilare una lista"
Erstellen eine Rechnung,Emettere una fattura
Erstellen einer Datenbank,Creare una database/banca dati
"Erstellen eines Zertifikats, Gutachtens","Rilasciare, redigere un certificato, una perizia"
Erstellung der Bilanz,Redazione / compilazione del bilancio
Ertragslage,redditivitˆ
ErtrŠge,introiti
Erwerbseinkommen,Reddito da lavoro
Erwerbsersatzordnung,ordinamento delle indennitˆ per perdita di guadagno
"ErwerbsfŠhigkeit, ArbeitsfŠhigkeit wiedererlangen","recuperare la capacitˆ di guadagno, la capacitˆ lavorativa"
"ErwerbsfŠhigkeit, volle, verminderte","Piena capacitˆ al guadagno, capacitˆ al guadagno ridotta"
ErwerbstŠtigkeit,Attivitˆ lucrativa (seltener: remunerativa)
ErwerbsunfŠhigkeit,incapacitˆ lavorativa
erworben (Rechte usw.),acquisito
Erziehungs- oder Betreuungsgutschriften,compiti educativi o assistenziali
Eršffnen (ein Recht/einen Anspruch),"costituire (un diritto), conferire un diritto"
Eršffnung des Konkurses,apertura del fallimento
ESR,PVR
EuropŠische Zentralbank,Banca centrale europea
EWR,SEE
Factsheet,Scheda informativa
Fahrzeugausweis,licenza di circolazione
Familienbuch,libretto di famiglia
Festgeld,"deposito a scadenza (fissa), deposito a termine"
Festhalten (eine Vorschrift usw.),"Fissare, registrare (in un verbale ecc.)"
festverzinslich,a tasso fisso
Firmenfahrzeug,veicolo aziendale
Flyer,volantino
Formulierungen,formulazioni
Fortbestand,Continuitˆ
Freiheitsstrafe,pena detentiva
FŠlligkeit,"esigibilitˆ, scadenza"
FŠlligkeitsprofil,profilo di scadenza
FŸhren (ein Konto),"Tenere, detenere, mantenere"
FŸhrerausweis,licenza di condurre
FŸhrung von Versichertenverzeichnissen,tenuta di registri degli assicurati
GAAP FER,GAAP RPC
GAV,CCL
GAV Personalverleih,CCL Prestito di personale
GebŠudeschŠden,danni all'edificio
Gegenpartei,controparte
Geldleistungen,prestazioni in contanti
Geldmarkt,mercato monetario
Geldstrafe,pecuniaria
Geldwerte,Valori pecuniari
Geldwerte Vorteile,benefici con valore monetario
Geltungsbereich,Ambito di validitˆ
GeprŸfte Bilanz,Bilancio verificato
Gerichtskosten,spese giudiziarie e processuali
Gerichtsurteil,Sentenza giudiziaria
GeschŠftsbericht,rapporto di gestione
GeschŠftsgang,andamento degli affari
GeschŠftsstelle,ufficio di gestione
gesetzeskonform,in conformitˆ della legge
gesichertes Darlehen,prestito garantito
Gesundheitsfragebogen,Questionario sullo stato di salute
Gesundheitszentrum (HMO),ambulatorio di gruppo (HMO)
Gewinne der Unternehmen,utili societari
gewohnter Lebensstandard  / Lebenshaltung,tenore di vita abituale
Gleichbehandlung,eguaglianza di trattamento
GmbH,Sagl
Grenzwert,Valore limite
grober FahrlŠssigkeit,colpa grave
grossen HŠrte,caso di rigore
Grundpfandtitel,"titolo di credito fondiario, titolo ipotecario"
Grundversicherung,assicurazione di base
Gutachten,perizia
GutglŠubig,In buona fede
Gutschreiben,"Accreditare sul conto, registrare a credito (del conto)"
Gutschrift,accredito
Gšnner,sostenitori
Gšnnerschaft,affiliazione in qualitˆ di sostenitore
Haftung,Responsabilitˆ
Hausse,rialzo
Heilungskosten,costi di cura
Herzstillstand,arresto cardiaco
Hilflosen- und IntegritŠtsentschŠdigung,indennitˆ per indigenti e d'integritˆ
HilfslosenentschŠdigung,Assegno per grandi invalidi
Hilfsmittel,Mezzi ausiliari
hochgerechnet,estrapolato
"Im Ausmass, entsprechend",Fino alla  concorrenza del dovuto
im Durchschnitt,in media
Im EinverstŠndnis mit,"Con il consenso di, in accordo con"
im gleichen Haushalt,nella stessa economia domestica
Immobilienfonds,fondo d'investimento immobiliare
In Abweichung davon,In deroga a quanto sopra
in Kraft gesetzt,messa in vigore
in Kraft setzen,mettere in vigore
in Lebensgefahr schwebt,in pericolo di morte
in Prozenten,espresse in percentuale
in zweifacher AusfŸhrung,in duplice copia
Index der Schweizeraktien,indice azionario svizzero
Informationsschreiben,Informativa
Innere Unruhen,Disordini interni
Innerhalb,In seno a
Integrationsmassnahmen (IV),provvedimenti di reinserimento
IntegritŠtsentschŠdigung,Indennitˆ per menomazione dell'integritˆ
Intensivstation,reparto di cure intensive
Interessenskonflikt,conflitto d'interessi
Internationale StaatsvertrŠge,Trattati internazionali
Ist dies nicht der Fall,In caso contrario
Jahresabschluss,"bilancio annuale, bilancio d'esercizio, chiusura di fine anno"
Jahresrechnung,conto annuale
Kapitalbelastung,carico di capitale
Kapitaldeckungsverfahren,sistema della  capitalizzazione
Kapitalmarkt,"Mercati dei capitali, mercati finanziari"
KapitalmŠrkte,mercati dei capitali
Kapitalrendite,rendimento del capitale
kaufmŠnnische Bilanz,bilancio commerciale
"keine GŸltigkeit haben, hinfŠllig sein",essere inoperante
konjunkturelles Wachstum,crescita congiunturale
Konkursbegehren,Domanda di fallimento
konzerninterner,infragruppo
Koordinationsbetrag,importo di coordinamento
koordinierter Lohn,salario coordinato
Krankentaggeldversicherung,Assicurazione d''indennitˆ giornaliera per malattia
KTG,IGM
Kundenberater,consulenti alla clientela
Kundensegment,Categoria di clienti
Kundenumfrage,Sondaggio tra i clienti
Kunstgegenstand,oggetto d'arte
KursrŸckgang (bei Bšrse),cedimento delle quotazioni
Kurswert,"corso di borsa, valore di mercato"
Kurzbericht,rapporto sommario
kurzfristige Anlagen,investimenti a breve termine (od. scadenza)
KVG,LAMal
KŸndigungsfristen,termine di disdetta
"KŸrzung (der Rente, des Lohns)","Decurtazione (della rendita, del salario)"
langfristiger Zins,interesse a lungo termine
Langlebigkeitsreserve,Riserva per longevitˆ
lebensbedrohlichen Lage,potenzialmente letale
Lebensgefahr,pericolo di morte
lebenslŠngliche Rente,rendita vitalizia
Lebensnachweis,certificato di vita
Lebenssituation,condizioni di vita
leicht fahrlŠssig,negligenza leggera
Leistungen erbringen,erogare le prestazioni
Leistungszusatz,premio di produttivitˆ
leitende Organ,organo direttivo
Leiter,responsabili
Leitzins,tasso di riferimento
Lizenz,licenza
Lohnausweis,Attestazione di salario
Lohnfortzahlung,pagamento continuato
Lohnfortzahlungspflicht,obbligo del datore di lavoro di continuare a pagare il salario
Lohnlisten,libro paga
Lohnsumme,monte salari
Mahnkosten,tasse di ingiunzione
Mahnung,sollecito
Makler,broker
MangelfolgeschŠden,danni assoluti o ulteriori
Marchzins,interessi pro rata
Massnahmen,provvedimenti
medizinisch notwendig,necessari dal profilo medico
medizinisches Beratungszentrum,centrale di consulenza sanitaria telefonica
Mehrwert,beneficio aggiuntivo
Mieteinnahmen (MietertrŠge),redditi di locazione
MietvertragskŸndigung,disdetta del contratto di locazione
Mindeststreitwert,valore di causa minimo
Mittel,"mezzi, fondi"
mitversicherte,coassicurate
Mutterschaftsurlaub,congedo di maternitˆ
nach bestem Wissen,al meglio delle mie conoscenze
Nachdeckung,Copertura suppletiva
NacherfŸllung,adempimento successivo
nachschŸssig,posticipatamente
"NachschŸssig, vorschŸssig","Posticipatamente, anticipatamente"
natŸrlichen Personen,persone fisiche
nebenberuflich tŠtig,esercitare un'attivitˆ secondaria
Neuberechnung,"nuovo computo, ricalcolo"
Neuwert,valore a nuovo
Nichtantritt der Reise,Mancata partenza
Nichtberufsunfall,infortunio non professionale
Notenbank,banca  centrale
NotfŠllen,casi d'emergenza
Oberaufsicht,alta vigilanza
"obere Grenze, Plafond",limite superiore (massimo)
ordentlichen RŸcktrittsalter,etˆ ordinaria di pensionamento
ordnungsgemŠss,correttamente
Organ,organismo
paritŠtisch,paritetico
Partner,Convivente (il und la convivente) oder partner convivente
Partnerschaft,Convivenza
pauschale,importo fortettario
pendent,in sospeso
Pensionierung,collocamento a riposo
personenbezogene Daten,dati personali
Personenversicherungen,assicurazioni di persone
Pflegekinder,affiliati
Pflichtfelder,campi obbligatori
plafonnieren,fissare un limite massimo
Polizeikontrollen,controlli di polizia
Postleitzahl,Numero postale di avviamento
Preisentwicklung,evoluzione dei prezzi
Privatrechtsschutz,Protezione giuridica privata
Probezeit,periodo di prova
projiziert,proiettato
protokollieren,mettere a verbale
Prozentpunkt,Punto percentuale
Prozentpunkte,punti percentuali
ProzessentschŠdigungen,indennitˆ processuale
PrŠmienzahler,pagatori dei premi
Quartalsabschluss,bilancio trimestrale
Quervergleich,Confronto incrociato
Rang,grado
Rebalancing,rebalancing
Rechtliche Einheit,Entitˆ giuridica
Rechtsgebiet,ambito giuridico
Rechtsgrundlagen,base legale
Rechtskosten,spese legali
Rechtsmittelbelehrung,Indicazione dei rimedi giuridici
Rechtspflege,giustizia
Rechtsstreit,causa giudiziaria
RechtstrŠger,Soggetto di diritto
Rechtsšffnungsbegehren,Domanda di rigetto dell'opposizione
Registrierte Partnerschaft gleichgeschlechtlicher Paare,Unione domestica registrata di coppie omosessuali
reibungslosen,senza complicazioni
"Rendite (Vermšgen, Aktien usw.)","reddito (patrimoniale, azionario ecc.)"
Rentengrad,Quota di rendita
Repatriierung,Rimpatrio
Reserven,riserve
Reserven bilden,"Costituire riserve (costituzione, formazione di riserve)"
Reserven Šufnen,Alimentare le riserve
ResterwerbstŠtigkeit,attivitˆ lavorativa residua
Rettungshubschraubers,elicottero di salvataggio
Revisionsstelle,Ufficio di revisione / Organo di controllo
Richtwert,importo indicativo
RisikofŠhigkeit (bei Investitionen),tolleranza ai rischi
RisikotrŠgern,assuntori di rischi
Risikoversicherung,Assicurazione (di) rischio
RŸckfŠllen,ricadute
RŸckreise,viaggio di rimpatrio
RŸckstellungen,"accantonamenti, fondi"
RŸckversicherungsvertrag,contratto di riassicurazione
rŸckwirkend,con effetto retroattivo
RŸckwirkungsschŠden,Danni di ripercussione
Sanierungsmassnahmen,misure di risanamento
Schadenbearbeitung,trattamento dei sinistri
Schadenfall,Sinistro
Schadenregulierung,trattamento di un sinistro
Schadensersatz,risarcimento danni
Schadensregulierer,gestori di sinistro
Schadenverlauf,andamento dei sinistri
Schattenrechnung,conto testimone
scheiden aus,sono dimessi dalla loro funzione
Schreib- und SpruchgebŸhren,tasse di cancelleria e di giustizia
schrittweise,gradualmente
Schutzbereich,tutela
Schwankungsreserve (SchwankungsrŸckstellung),fondo di compensazione (di fluttuazione)
Schweigepflicht,obbligo di segretezza
"Schweigepflicht, der S. unterliegen",essere tenuto a mantenere il segreto professionale
Schwelle (z.B. Eintrittsschwelle usw.),"importo limite (p.es. per lÕaffiliazione, ecc.)"
Selbstbehalte,Franchigie
SelbststŠndigerwerbender,indipendente
sensible personenbezogene Date,dati personali sensibili
Sicherheitsfonds,fondo di garanzia
sinkender Bšrsenkurs,quotazione di borsa in ribasso
Solvenz,solvibilitˆ
Sorgfaltspflicht,dovere di diligenza
SOS-Schutz,protezione SOS
Sozialhilfe,aiuto sociale
Sparmassnahme,"Misura dÕeconomia, misura ristrettiva (in Politik: misura dÕausteritˆ oder fŸr Sparmassnahmenpolitik = austeritˆ)"
SpŠtfolgen,conseguenze tardive
Staatsanleihen,prestiti dello Stato
Stagnation,ristagno
Stand,stato
Standesregeln,norme deontologiche
Startgarantie,garanzia iniziale
StartvergŸtung,retribuzione iniziale
Statuten,statuto
Stellenantritt,entrata in servizio
Steuerpflicht,Assoggettamento allÕimposta
steuerrechtliche,fiscale
Stichtag,"Data determinante, giorno di riferimento"
Stiftung Auffangeinrichtung BVG,Fondazione istituto collettore LPP
Stimmrecht,diritto al (di) voto
Stimmungsumschwung,cambiamento di tendenza
strafrechtliche Klage zum Nachteil des Arbeitgebers,denuncia penale a carico del Datore di lavoro
Streitigkeit,contestazione
streitwert,valore di causa
TeilzeitbeschŠftigte,Salariati a tempo parziale
Teuerungsausgleich,"compensazione del rincaro, indennitˆ di carovita"
Titel,titoli
Transitorische Aktiven,ratei attivi
"Umfang (des mšglichen Einkaufs, etc.)",Entitˆ (dell'acquisto ...  etc.)
Umwandlungssatz,aliquota di conversione
UnabhŠngigkeit,Indipendenza
Unaufgefordert,Di propria iniziativa
unbedingten Freiheitsstrafe,senza condizionale
Unbezahlter Urlaub,Congedo non pagato
Unterhalt,sostentamento
Unterhalt  (eines Kindes),mantenimento
Unterhaltsberechtigtes Kind,Figlio a carico
Unterhaltspflicht,obbligo di mantenimento
unterjŠhrig,infrannuale
unterjŠhrige PrŠmie,premio frazionato
unterjŠhrige Rente,rendita frazionata
Unternehmensgewinn,utili
Unternehmensgewinne,Utili societari
unterstellen,assoggettare
Untersuchungshaft,carcerazione preventiva
Unterversicherung,Sottoassicurazione
UVGO,LAINFO
UVGZ,LAINFC
Valutadatum,giorno di valuta
Verband,associazione
Verbindlichkeit,vincolativitˆ
verbuchen (einen Posten),"allibrare (una partita), contabilizzare"
Verbuchung,"Contabilizzazione, allibramento, registrazione (contabile)"
Vereinbarung treffen,Stipulare un accordo
Verfahren,procedimento
Verfahrenskosten,spese giudiziarie
Verfahrens- und Gerichtskosten,spese giudiziarie e processuali
"Verfallen (ein Recht), an die Kasse verfallen","Estinguersi, essere devoluto alla Cassa"
VerhŠltnismŠssigkeit (auch fig.),Proporzionalitˆ
Verkehrsrechtsschutz,Protezione giuridica circolazione stradale
Verlust,perdita
VerlŠngerung (zeitlich),"prolungazione, proroga"
Vermittlung,intermediazione
Vermšgen,patrimonio
Vermšgensertrag,prodotto  del  patrimonio
Vermšgenslage,situazione patrimoniale
Vermšgensrendite,reddito patrimoniale
Vernehmlassungsvorlage,progetto di consultazione
Verrechnen (einen Betrag verrechnen mit) / Verrechnung,"imputare (lÕimporto  imputato a), compensare con / imputazione"
Verrechnung,"compensazione, messa in conto, conguaglio (=Ausgleich)"
Verschlechterung,"aggravamento, deterioramento"
Versichertenbestand,effettivo degli assicurati
Versicherungsfall,evento assicurato
Versicherungsnehmer,stipulante
Versicherungsnehmers,contraente dell'assicurazione
Versicherungsort,Luogo di assicurazione
Versicherungsschutzes,copertura assicurativa
Versicherungssumme,somma assicurata
Versicherungstechnische Verpflichtungen,Passivi attuariali
Versicherungszweige,Rami assicurativi
vertraglich provisionierten,con contratto di provvigione
Vertragsablauf,scadenza della convenzione
Vertragsauflšsung,"Rescissione, risoluzione del contratto"
VertragskŸndigung,"Disdetta, denuncia"
Verwaltungsaufwand,spese amministrative
Verwirken (ein Recht),Decadere da un diritto
VerwŠsserungseffekt,Effetto diluitivo
VolatilitŠt,volatilitˆ
volle ArbeitsfŠhigkeit,piena capacitˆ lavorativa
vollstŠndiges Deckungskapital,riserva matematica completa (capitale di copertura)
VollstŠndigkeit,completezza
Vollziehen,Rendere esecutivo
"vom Lohn abgezogen, zurŸckbehalten",trattenuto dal salario
Vom Vertrag zurŸcktreten,"Recedere da un contratto, rescindere un c."
voraussichtliches Altersguthaben,avere di vecchiaia teorico
Vorgaben,direttive
Vorsatz,intenzionalmente
"Vorsorgeschutz, Versicherungsschutz","copertura previdenziale, copertura assicurativa"
Vorsorgeverpflichtungen,impegni previdenziali
Wahrnehmung der rechtlichen Interessen,tutela degli interessi
Wahrung,tutela
Wartefrist,periodo di attesa
Wechsel,cambio
Wechselkurs,"cambio, corso del cambio"
weisungsgebunden,vincolati da istruzioni
Wertgleich,"Di uguale valore, equivalente"
Wertschriften,titoli
Wertschriftenbestand,portafoglio titoli
Wertschriftenschwankungsreserve,fondo oscillazione titoli
Wertschwankungsreserve,riserva di fluttuazione
wie bisher,invariato
wie gewohnt,Come di consueto
Wiedereingliederungsmassnahmen,provvedimenti di reintegrazione
Wiederwahl,rielezione
"wirken, Wirkung haben",avere effetto  su
"wirtschaftlicher Aufschwung, Konjunkturaufschwung","ripresa economica, boom"
Wirtschaftszahlen,dati economici
Wohnsitzbescheinigung,Certificato di residenza
Wohnsitzbescheinigung der Wohngemeinde,Certificato di residenza del comune di residenza
WŠhrungsgewinn,"guadagno sul cambio, utile di quotazione"
WŠhrungsrisiko,rischio valutario
Zahlungsverzug,ritardato pagamento
Zeichnungsberechtigung,Facoltˆ di firma
Zeitwert,valore attuale
Zielband,fascia di fluttuazione
Zielwert,Obiettivo fissato
Zielwert der RŸckstellungen,Accantonamento necessario
Zins gewŠhren auf,accreditare interessi su
Zinsaufwand,costo degli interessi
Zinsertrag,proventi di interessi
Zinsertrag / ZinsertrŠge,Provento dÕinteressi / redditi dÕinteressi
ZirkularbeschlŸsse,decisioni per corrispondenza
zivilrechtlichem Wohnsitz,domicilio civile
Zu Gunsten oder zu Lasten (eines Menschen usw.),A vantaggio o a scapito di
Zu Lebzeiten,Prima di morire
zu seinen Lasten,a suo carico
ZurŸckbehaltungsrechte,diritti di retenzione
Zusatzguthaben,avere supplementare
zusprechen,aggiudicare
ZusŠtzlich,"Addizionale, supplementare, complementare, in aggiunta a"
zwingende rechtliche Vorschriften,norme giuridiche vincolanti
€ufnung,accrescimento
…rtlicher Geltungsbereich,Ambito di validitˆ locale
†berblick,visione generale
†berdeckung,eccedenza di copertura
ŸberentschŠdigung,sovraindennizzo
†bernahme der Aktiven und Passiven,Assunzione degli attivi e dei passivi
†berobligatorisch,Sovraobbligatorio
†berschussbeteiligung,Partecipazione alle eccedenze
"†bertritt, †bergang (in eine andere Vers.)",Passaggio a
†berversicherung,soprassicurazione
... (non) si applica a ...,(ne) font (pas) lÕobjet de ...
a amenŽ,ha indotto
A stretto giro di posta,Par retour du courrier
a suo carico,ˆ sa charge
A vantaggio o a scapito di,En faveur ou ˆ l'encontre de
a ŽtŽ votŽ,stato votato
"accantonamenti, fondi","provision, fonds"
Accantonamento necessario,Valeur oder montant cible des provisions
accommodation monŽtaire,accomodamento monetario
accredito,bonification
adempiere a (anche: dovere qualcosa),s'acquitter de qc
Aderire,AdhŽrer
affaiblissement,affievolirsi
agitation sociale,agitazione sociale
aliquota di conversione,taux de conversion
"All'occorrenza, se del caso",Le cas ŽchŽant
andare in  pensione,prendre sa retraite
annoncŽs,resi noti
"Annullare, rescindere, risolvere",Annuller
"Approntare, compilare (Rechnung)",Žtablir
apprŽciation,apprezzamento
arrimer,ancorare
arrtŽe au,chiusa al
aspettativa di diritto,expectative de droits
assicurazione rischi,assurance-risque
Assunzione degli attivi e dei passivi,Reprise des actifs et passifs
attestation de vie,certificato di vita
attestation divorce,attestazione divorzio
attestations fiscales de rentes,attestazioni fiscali delle rendite
attestato,Attestation
Atto a,Apte ˆ
au prŽalable,previamente
Au vu de ce qui prŽcde,Considerato quanto sopra
Autoritˆ di vigilanza,autoritŽ de surveillance
avere di vecchiaia teorico,avoir de retraite thŽorique
avere in banca,avoirs en banque
Azienda,Entreprise
bande de fluctuation,margine di fluttuazione
"basarsi, fondarsi",se fonder
bilancio commerciale,bilan commercial
bulletin de versement,polizza di versamento
b‰timents,edifici
bŽnŽfice,utile
cahier des charges,capitolato d'oneri
campagne rŽfŽrendaire,campagna referendaria
capitale di dotazione,capital dotation
ce qui vous donne droit,da cui scaturisce il Suo diritto
chiffres d'affaires,cifre di affari
chiffres d'inflation,cifre di inflazione
ci-dessus,pi avanti
ci-devant,sopraindicati
cio,ˆ savoir
Circonscription,Circoscrizione
classes d'actifs,classi di attivitˆ
Code civil suisse,Codice civile svizzero
Code des obligations,Codice delle obbligazioni
collocamento a riposo,mise ˆ retraite
Commission d'urbanisme,Commissione di urbanismo
"comprendere, includere",englober
Compte tenu,Tenendo in considerazione
concessione,octroi
"conclusosi, dopo, in seguito a",ˆ lÕissue de
condizioni di concessione,conditions d'octroi
Conformarsi a,Se rŽgler
Conteggio,DŽcompte
conto annuale,comptes annuels
conto d'esercizio,compte d'exploitation
contratto di riassicurazione,contrat de rŽassurance
convenzione dÕadesione,convention d'adhŽsion
coordonnŽes bancaires,recapito bancario
Copertura insufficiente (Formul. gem. BVG),dŽcouvert
"costituire (un diritto), conferire un diritto",Ouvrir (un droit)
costituzione/apertura di un diritto,naissance/ouverture dÕun droit
courbe des taux,curva dei tassi
cours,quotazioni
cours plancher,tasso minimo di cambio
croissance bŽnŽficiaire,crescita dei profitti
dans les meilleurs dŽlais,il pi presto possibile
dans les trois ˆ cinq ans,nell'arco di tempo da tre a cinque anni
"Data determinante, giorno di riferimento",Date dŽterminante
Data di entrata in vigore,Date d'effet
de votre vivant,da vivente
Deficit di copertura,DŽcouvert technique
demande de renseignements,domanda di informazioni
destinare a,affecter ˆ
dette Žmergente,debito emergente
devises,valute
dichotomie,dicotomia
differito,ajournŽ
directives,direttive
Diritto di partecipazione proporzionale,Droit de participation proportionelle
diritto successorio,droit de succession
disciplinare,Rgler
disdetta del contratto di locazione,rŽsiliations de baux
"Disdetta, denuncia",RŽsiliation
"Disdire, denunciare un conratto",RŽsilier
dŽclaration d'imp™ts,dichiarazione d'imposta
dŽductibilitŽ fiscale,deducibilitˆ fiscale
dŽprŽciation,deprezzamento
effettivo degli assicurati,effectif des assurŽs
effettuare un anticipo,effectuer une avance
En complŽment,In aggiunta
en cours de,in fase di
en cours de traitement,in corso di disbrigo
en demeure,arretrato
en glissement annuel,su base annua
en ligne,on-line
en temps opportun,in tempo utile
en termes rŽels,in termini reali
en vue de,allo scopo di
engendrŽ,generato
Entitˆ giuridica,EntitŽ  juridique
entreprise gŽnŽrale,appaltatore generale
Entro il termine pi breve possibile,Dans les dŽlais le plus brefs
erratique,erratico
esenzione dai contributi,libŽration des cotisations
esercitare un'attivitˆ secondaria,exercer un'activitŽ accessoire
Esercizio (anno) in esame,Exercice en revue
espŽrance de vie,speranza di vita
"Essere implicato, interessato, coinvolto",ætre concernŽ
essere inoperante,tre inopŽrantes
etˆ ordinaria di  pensionamento,‰ge de retraite ordinaire
exploitŽs,gestiti
Farsi carico di,Prendre ˆ sa charge
fichiers,file
finitions,finiture
Fino alla  concorrenza del dovuto,Ë due concurrance
"Fissare, registrare (in un verbale ecc.)",Consigner
fondo avvolgente,fonds enveloppant
fondo di garanzia,Fonds de garantie
fonds d'investissements indirect immobilier,fondi di investimento immobiliare indiretto
forte volatilitŽ,forte volatilitˆ
fourchette,gamma
gestion financire,gestione finanziaria
Gouvernance,Governance
grado di pensionamento,taux de retraite
gŽrants de portefeuille,gestori del portafoglio
importo di coordinamento,montant de coordination
"importo limite (p.es. per l'affiliazione, ecc.)",Seuil
imposition sur le capital,imposizione sulla sostanza
In assenza di,En l'absence de
In attesa di,Dans l'attente de
In fatto di,En matire de
in funzione di,en fonction de
In seno a,Au sein de
indennitˆ per indigenti e d'integritˆ,allocations pour impotents et indemnitŽs pour atteinte ˆ l'intŽgritŽ
Indice des Prix ˆ la Consommation,indice dei prezzi al consumo
indices,indici
Insorgere (verificarsi) di un caso di previdenza,Survenance d'un cas de prŽvoyance
interesse a lungo termine,taux longs
intervention,intervento
Introduction de la procŽdure de divorce,Promovimento della procedura di divorzio
Introiti,recettes
investimenti a breve termine (od. scadenza),placements ˆ court terme
investitori,investiteurs
inŽgalitŽ de distribution des revenus,disuguaglianza nella distribuzione del reddito
jouer un r™le,svolgere un ruolo
l'historique,la cronologia
lacune de prŽvoyance,lacuna previdenziale
lettre d'information,informativa
levier opŽrationnel,leva operativa
ligne de conduite,linea di condotta
livret de famille,libretto di famiglia
Logements locatifs,appartamenti locativi
mantenimento,entretien
marchŽ des capitaux,mercato dei capitali
marchŽ des changes,mercato dei cambi
marchŽ locatif,mercato locativo
marchŽ obligataire,mercato obbligazionario
marchŽs du crŽdit,mercati del credito
marchŽs Žmergents,mercati emergenti
menu dŽroulant,menu a discesa
messa in valore,mise en valeur
mesures de nouvelle rŽadaptation,provvedimenti di reintegrazione
"mezzi, fondi",fonds
mis au bŽnŽfice,messo a beneficio
mis ˆ l'enqute publique,sottoposto all'inchiesta pubblica
mise en exploitation,messa in esercizio
misure di risanamento,mesures d'assainissement
moyenne de long terme,media a lungo termine
moyenne glissante,media mobile
mŽcontentement populaire,scontento popolare
n'est pas responsable,non si assume alcuna responsabilitˆ
niveaux de valorisation,livelli di valutazione
Notons que,Va sottolineato che
nous vous rendons Žgalement attentif/attentive,Richiamiamo la Sua attenzione sul fatto
Nous vous serions reconnaissants de bien vouloir,Le saremmo grati se volesse
NŽgligence de l'obligation d'entretien,Inadempimento dell'obbligo di mantenimento
obligation gouvernementale,obbligazione governativa
obligations d'entreprise,obbligazioni societarie
obligations gouvernementales,obbligazioni governative
obtention des permis de construire,rilascio delle licenze edilizie
oppositions,opposizioni
opŽrateur,operatore economico
opŽration immobilire,operazione immobiliare
opŽrations de change ˆ terme,operazioni a termine su valute
orientation accommodante,orientamento accomodante
ouvertes,in sospeso
parcelles,lotti
Passivi attuariali,Engagements actuariels
patrimonio,fortune
pays pŽriphŽriques,paesi periferici
perdita,perte
permis de construire,licenze edilizie
Persone interessate,Personnes concernŽs
piena capacitˆ lavorativa,pleine capacitˆ de travail
plan de quartier,piano di quartiere
planificateur financier,pianificatore finanziario
planifier,pianificare
plateforme sŽcurisŽe,piattaforma sicura
plusvalenza,plus-values
points de base,punti di base
"polizza di versamento (rossa, arancione)",bulletin de versement
portafoglio titoli,portefeuille titres
portŽs au bilan,iscritti a bilancio
prend effet,decorre
"Presa in considerazione, il mettere in conto, imputazione, computo",Prise en compte
presentare domanda,prŽsenter une demande
prestiti dello Stato,emprunts d'Žtat
prix ˆ la consommation,prezzi al consumo
processus de compensation,procedura di compensazione
prodotto  del  patrimonio,Produits de la fortune
produits,ricavi
produits structurŽs,prodotti strutturati
progressions,incrementi
progressive,graduale
proiettato,projŽtŽ
prolungazione,prolongation
provvedimenti di reinserimento,mŽsures de rŽinsertion
provvedimenti di reintegrazione,mesures de rŽadaptation
pŽnalitŽ,penale
Quando/finchŽ era in vita,de son vivant
Questo vale /questo si applica / questo avviene anche in caso di / per,Il en va de mme
Quota parte di,Part de
Rappel,Sollecito
Rapporto,Rapport
ratei attivi,actifs transitoires
"Recedere da un contratto, rescindere un c.","Se dŽlier, se dŽpartir  du contrat"
redditi di locazione,rentrŽes locatives
"Redigere, stabilire, fissare",ƒtablir
Regolamento,Rglement
Rendere esecutivo,DŽploier ses effets
rendimento del capitale,rendements du capital
"rendita eventuale (futura), diritto acquisito ad una pensione",rente expectative
rendita vitalizia,rente viagre
renforcement,rafforzamento
rente de vieillesse complte maximum,rendita di vecchiaia intera massima
"Rescissione, risoluzione del contratto","Annullation, rŽsiliation du contrat"
resserrement monŽtaire,stretta monetaria
Retour de rente,Storno del bonifico di rendita
revenu fixe,reddito fisso
revue ˆ la hausse,rivisto al rialzo
rialzo,hausse
ribasso,baisse
rilievo (di  un'azienda),reprise
prise en compte,contabilizzazione
riserva matematica,rŽserve mathŽmatique
risque de change,rischio di cambio
RŽserve fŽdŽrale,Riserva federale
RŽserve fŽdŽrale US,Riserva federale USA
rŽsidence,domicilio
RŽtrocessions,Retrocessioni
rŽŽvaluation,rivalutazione
s'apprŽcier,valorizzarsi
salario contributivo,salaire cotisant
sans doute,probabilmente
seuil d'entrŽe,salario minimo per l'ammissione
Sinistro,Sinistre
sino alla concorrenza di,ˆ concurrance de
"sommario, indice",Table des matires
sortant de charge,uscente di carica
sous pli sŽparŽ,separatamente
Sovraobbligatorio,Surobligatoire
spŽcialiste en fiscalitŽ,consulente fiscale
strategia d'investimento,stratŽgie de placements
stratŽgies optionnelles,strategie opzioni
suivi,monitoraggio
support,assistenza
"Sviluppare, eseguire, effettuare una procedura di controllo",Mettre en place une procŽdure de contr™le
tables de mortalitŽ,tavole di mortalitˆ
tasso di riferimento,taux directeurs
taux d'inflation,tasso d'inflazione
taux d'intŽrt directeur,tasso d'interesse di riferimento
taux d'intŽrt directeurs,tassi d'interesse di riferimento
taux de ch™mage,tasso di disoccupazione
taux de refinancement,tasso di rifinanziamento
taux de rŽfŽrence,tasso di riferimento
taux directeur,tassi di riferimento
territoire nŽgatif,fascia negativa
territoire positif,zona positiva
traitement,trattamento
Ufficio di revisione / Organo di controllo,Organe de rŽvision
un plus bas,il minimo
Union monŽtaire,Unione monetaria
utilizzo di riserve (sciogliere le riserve),dissolution de ...
valeur de rendement,valore di rendimento
validŽs,convalidato
valore attuale,valeur actuelle
Valorisation des immeubles,Valutazione degli immobili
vuoto di copertura,trou dans la couverture
ˆ 10 an,decennale
Ë toutes fins utiles,Ad ogni buon conto
Žcarts,divari
Žconomies matures,economie mature
Žtablissement,rilascio
Žtait rentabilisŽe,ha generato profitti
rilievo (di un'azienda),(Geschäfts)übernahme
reprise,(Geschäfts)übernahme
(internationale) Rechnungslegung,(Geschäfts)übernahme
contabilità (internazionale),(Geschäfts)übernahme
Abgangsentschädigung,(Geschäfts)übernahme
"ageschlossen per (Konto, Auszug usw.)",chiuso al
arrêté au,chiuso al
"portafoglio azionario, azioni in portafoglio",chiuso al
"indice azionario, indice delle quotazioni (azionarie)",chiuso al
rendimento delle azioni,Aktienrendite
actifs transitoires,Aktienrendite
avere di vecchiaia,avoir de retraite
accredito di vecchiaia,avoir de retraite
bonification de retraite,avoir de retraite
anfechten,avoir de retraite
contestare,avoir de retraite
stratégie de placements,classi di attività (asset class)
Anlagevermögen,classi di attività (asset class)
"attivo immobilizzato, capitale investito, patrimonio fisso",classi di attività (asset class)
salario determinante / salario computabile,anrechenbarer Lohn
convenzione d'adesione,anrechenbarer Lohn
convention d'adhésion,anrechenbarer Lohn
Part de,conditions d'octroi
Anteilmässig,conditions d'octroi
Pro rata temporis / proporzionalmente,conditions d'octroi
Anteilmässiger Anspruch,Diritto di partecipazione proporzionale
Droit de participation proportionelle,Diritto di partecipazione proporzionale
aspettativa,Diritto di partecipazione proporzionale
"rendita assicurata, rendita eventuale (futura), diritto acquisito ad una pensione",Diritto di partecipazione proporzionale
rente expectative,Arbeitnehmer
salariato,Arbeitnehmer
salarié,Arbeitnehmer
annunciato all'assicurazione contro la disoccupazione,Arbeitnehmer
ajourné,differito
Auflösung von Reserven,differito
dissolution de ...,differito
Äufnung,differito
accrescimento,differito
Effetto sospensivo,Aufschiebende Wirkung
Aufsichtsbehörde,Aufschiebende Wirkung
Autorità di vigilanza,Aufschiebende Wirkung
autorité de surveillance,Aufschiebende Wirkung
Aufwand (≠ Kosten),Aufschiebende Wirkung
Rilasciare (una tessera),"commissione, comitato"
ausweisen (in der Bilanz usw.),"commissione, comitato"
riportare (nel bilancio sono riportati),"commissione, comitato"
"scrutinare (im Bildungswesen: benoten, bewerten)",auszählen (Stimmen bei Wahl)
Bankverbindung,avoirs en banque
coordinate bancarie,avoirs en banque
coordonnées bancaire,avoirs en banque
valeur actuelle,avoirs en banque
Bearbeitungsgebühr (der Kasse),Tassa di elaborazione
Frais de dossier,Tassa di elaborazione
"Begründung eines Anspruchs, eines Rechts",Tassa di elaborazione
naissance/ouverture d’un droit,Tassa di elaborazione
libération des cotisations,beitragsfrei
esente da contributo,beitragsfrei
beitragspflichtiger Lohn (= versicherter Lohn),beitragsfrei
salario soggetto a contributi / salario contributivo (= salario assicurato),beitragsfrei
salaire cotisant (= salaire assuré),beitragsfrei
convenuto,Adhérer
Esercizio / anno in esame,Adhérer
Exercice en revue,Adhérer
infortunio professionale,assicurazione contro gli infortuni professionali e non professionali
deliberazione,assicurazione contro gli infortuni professionali e non professionali
"Ricorso, appello",Beschwerde
Beschwerde einreichen,Beschwerde
ricorrere contro (fare ricorso contro) – nicht: impugnare (das bezieht sich auf einen Entscheid/Urteil weiterziehen) und nicht: contestare = anfechten,Beschwerde
compte d'exploitation,conto d'esercizio
bilancio (tecnico),conto d'esercizio
bilanzieren,conto d'esercizio
iscrivere in bilancio (bei Pos.) / redigere il bilancio,conto d'esercizio
iscrizione a bilancio,Bilanzierung
totale del (di) bilancio,Bilanzierung
prestito giornaliero,reddito lordo
Dachverband,reddito lordo
associazione mantello,reddito lordo
grado di copertura,Deckungsgrad
réserve mathématique,Deckungsgrad
Deckungslücke (der PK),Deckungsgrad
Deckungslücke (bei der Versicherung),trou dans la couverture
lacuna nella copertura (dell'assicurazione),trou dans la couverture
trou dans la couverture (de l'assurance),trou dans la couverture
Destinatär,trou dans la couverture
beneficiario,trou dans la couverture
destinataire,trou dans la couverture
die Stelle / die Arbeit antreten,prendere servizio
entrer en service,prendere servizio
dimissioni,prendere servizio
Diskontierungssatz,prendere servizio
taux d'actualisation,prendere servizio
tasso di sconto,Dotationskapital
capital dotation,Dotationskapital
"Durchsicht, Sichtung",Dotationskapital
spoglio,Dotationskapital
eheähnliche Gemeinschaft,Dotationskapital
présenter une demande,presentare domanda
riscuotere il salario,presentare domanda
Einen Vertrag auflösen,presentare domanda
Annuller,Einen Vertrag kündigen
Résilier,Einen Vertrag kündigen
effectuer une avance,Einen Vertrag kündigen
Einführung (z.B. eines Gesetzes),Einen Vertrag kündigen
recettes,unica soluzione
entrate e  uscite,unica soluzione
Survenance d'un cas de prévoyance,Eintritt  eines Vorsorgefalls
Eintrittsschwelle,Eintritt  eines Vorsorgefalls
salario minimo per l'ammissione,Eintritt  eines Vorsorgefalls
seuil d'entrée,Eintritt  eines Vorsorgefalls
assicurazione individuale / collettiva,bulletin de versement
"Endabrechnung, Abschlussrechnung",bulletin de versement
consuntivo (auch Adjektiv: Abschluss... / Schluss...) (Buchhaltung: bilancio consuntivo),bulletin de versement
"Entfallen, wegfallen (eines Rentenaspruchs) – wegfallen (z.B. eines Grunds)",Essere soppresso
Venire a mancare,Essere soppresso
"(andere Bedeutungen von wegfallen: essere abolito, scomparire, ev. togliere",Essere soppresso
distensione,Essere soppresso
droit de succession,"sorgere, nascita"
erfüllte Beitragsjahre,"sorgere, nascita"
anni contributivi compiuti,"sorgere, nascita"
contributo straordinario,Erhöhungsbeitrag
emanare,Erhöhungsbeitrag
Eröffnen (ein Recht/einen Anspruch),Erhöhungsbeitrag
Erträge,Ouvrir (un droit)
redditività,Ouvrir (un droit)
"Erwerbsfähigkeit, Arbeitsfähigkeit wiedererlangen",reddito da lavoro
"recuperare la capacità di guadagno, la capacità lavorativa",reddito da lavoro
"Erwerbsfähigkeit, volle, verminderte",reddito da lavoro
"Piena capacità al guadagno, capacità al guadagno ridotta",reddito da lavoro
Attività lucrativa (seltener: remunerativa),Erwerbstätigkeit
Erwerbsunfähigkeit,Erwerbstätigkeit
incapacità al guadagno,Erwerbstätigkeit
incapacité de gain,Erwerbstätigkeit
Fälligkeit,Erwerbstätigkeit
Gegenwert,valore equivalente
mercato monetario,valore equivalente
Sentenza giudiziaria,valore equivalente
rapporto di gestione,Geschäftsbericht
Geschäftsgang,Geschäftsbericht
andamento degli affari,Geschäftsbericht
Geschäftsjahresabschluss,Geschäftsbericht
"titolo di credito fondiario, titolo ipotecario",Valore limite
perizia,Valore limite
In buona fede,Gutgläubig
"Accreditare sul conto, registrare a credito (del conto)",Gutgläubig
Hilflosen- und Integritätsentschädigung,bonification
indennità per indigenti e d'integrità,bonification
allocations pour impotents et indemnités pour atteinte à l'intégrité,bonification
À due concurrance,Fino alla  concorrenza del dovuto
nella stessa economia domestica,Fino alla  concorrenza del dovuto
fondo d'investimento immobiliare,Fino alla  concorrenza del dovuto
in misura equivalente,in gleichem Ausmass
mettere in vigore,in gleichem Ausmass
mésures de réinsertion,provvedimenti di reinserimento
conflitto d'interessi,provvedimenti di reinserimento
Internationale Staatsverträge,provvedimenti di reinserimento
Trattati internazionali,provvedimenti di reinserimento
provvedimenti di reintegrazione AI,IV Wiedereingliederungsmassnahmen
"bilancio annuale, bilancio d'esercizio, chiusura di fine anno",IV Wiedereingliederungsmassnahmen
carico di capitale,comptes annuels
sistema della  capitalizzazione,comptes annuels
rendements du capital,"Mercati dei capitali, mercati finanziari"
kaufmännische Bilanz,"Mercati dei capitali, mercati finanziari"
bilan commercial,"keine Gültigkeit haben, hinfällig sein"
être inopérantes,"keine Gültigkeit haben, hinfällig sein"
Kontodaten/-angaben/-verbindung,"keine Gültigkeit haben, hinfällig sein"
estremi bancari,"keine Gültigkeit haben, hinfällig sein"
salario coordinato,montant de coordination
Assicurazione d''indennità giornaliera per malattia,montant de coordination
Kursrückgang (bei Börse),assicurazione d'indennità giornaliera in caso di malattia
cedimento delle quotazioni,assicurazione d'indennità giornaliera in caso di malattia
"Kurssturz, Börsenkrach",assicurazione d'indennità giornaliera in caso di malattia
"tracollo delle quotazioni, della borsa",assicurazione d'indennità giornaliera in caso di malattia
"corso di borsa, valore di mercato",Kurswert
placements à court terme,Kurswert
"Kürzung (der Rente, des Lohns)",Kurswert
lebenslängliche Rente,rendita vitalizia
rente viagère,rendita vitalizia
erogare le prestazioni,rendita vitalizia
Leistungspflicht,rendita vitalizia
obbligo di prestazione,rendita vitalizia
valore guida,Leitwert
taux directeurs,Leitwert
Lohnausgleichskasse,Leitwert
interessi pro rata,obbligo del datore di lavoro di continuare a pagare il salario
massgebend,obbligo del datore di lavoro di continuare a pagare il salario
determinante,obbligo del datore di lavoro di continuare a pagare il salario
"plusvalenza, beneficio aggiuntivo",Mehrwert
plus-values,Mehrwert
Mietvertragskündigung,Mehrwert
résiliations de baux,Mehrwert
Mutterschaftsurlaub (OR 324f),fonds
Congedo di maternità,fonds
Nachkalkulation,fonds
calcolo consuntivo,fonds
"Nachschüssig, vorschüssig","Posticipatamente, anticipatamente"
nebenberuflich tätig,"Posticipatamente, anticipatamente"
esercitare un'attività secondaria,"Posticipatamente, anticipatamente"
exercer un'activité accessoire,"Posticipatamente, anticipatamente"
infortunio non professionale,"Posticipatamente, anticipatamente"
banca  centrale,Notenbank
limite superiore (massimo),Notenbank
ohne weiteres (ohne weitere Schritte),Notenbank
paritätisch,paritetico
Convivente (il und la convivente) oder partner convivente,paritetico
Convivenza,paritetico
mise à retraite,Pensionierung
Pensionierungsgrad,Pensionierung
taux de retraite,Pensionierung
Personalbestand (einer Firma),Pensionierung
evoluzione dei prezzi,fissare un limite massimo
Preissturz,fissare un limite massimo
tracollo dei prezzi,fissare un limite massimo
projeté,projiziert
Punto percentuale,projiziert
Entité  juridique,Entità giuridica
giustizia,Entità giuridica
Rechtsträger,Entità giuridica
Soggetto di diritto,Entità giuridica
Unione domestica registrata di coppie omosessuali,Registrierte Partnerschaft gleichgeschlechtlicher Paare
"Rendite (Vermögen, Aktien usw.)",Registrierte Partnerschaft gleichgeschlechtlicher Paare
"reddito (patrimoniale, azionario ecc.)",Registrierte Partnerschaft gleichgeschlechtlicher Paare
Reserven äufnen,Alimentare le riserve
"Costituire riserve (costituzione, formazione di riserve)",Alimentare le riserve
Organe de révision,Risikofähigkeit (bei Investitionen)
tolleranza ai rischi,Risikofähigkeit (bei Investitionen)
assicurazione rischi / assicurazione di rischio,Risikofähigkeit (bei Investitionen)
assurance-risque,Risikofähigkeit (bei Investitionen)
Rückstellungen,Risikofähigkeit (bei Investitionen)
accantonamenti,"provision, fonds"
Rückversicherungsvertrag,"provision, fonds"
contrat de réassurance,"provision, fonds"
rückwirkend,"provision, fonds"
con effetto retroattivo,"provision, fonds"
mesures d'assainissement,misure di risanamento
Sinistre,misure di risanamento
"Schrumpfung, Rückgang (Wirtsch.)",misure di risanamento
contrazione,misure di risanamento
riserva di fluttuazione,Schwankungsreserve (Schwankungsrückstellung)
essere tenuto a mantenere il segreto professionale,Schwankungsreserve (Schwankungsrückstellung)
"importo limite (p.es. per l’affiliazione, ecc.)",Seuil
"seinen Rücktritt nehmen, pensioniert werden",Seuil
prendre sa retraite,Seuil
Selbstständigerwerbender,Seuil
indipendente,Seuil
Fonds de garantie,fondo di garanzia
"Sicherung, Wahrung",fondo di garanzia
salvaguardia,fondo di garanzia
sinkender Börsenkurs,fondo di garanzia
quotazione di borsa in ribasso,fondo di garanzia
"Misura d’economia, misura ristrettiva (in Politik: misura d’austerità oder für Sparmassnahmenpolitik = austerità)",Sparmassnahme
emprunts d'état,Sparmassnahme
Date déterminante,"Data determinante, giorno di riferimento"
diritto al (di) voto,"Data determinante, giorno di riferimento"
cambiamento di tendenza,"Data determinante, giorno di riferimento"
contestazione,Streitigkeit
"compensazione del rincaro, indennità di carovita",Streitigkeit
Überobligatorisch,Sovraobbligatorio
Surobligatoire,Sovraobbligatorio
"Übertritt, Übergang (in eine andere Vers.)",Sovraobbligatorio
Passaggio a,Sovraobbligatorio
Überversicherung,Sovraobbligatorio
soprassicurazione,Sovraobbligatorio
Entità (dell'acquisto ...  etc.),"Umfang (des möglichen Einkaufs, etc.)"
umgerechnet auf ein Jahr,"Umfang (des möglichen Einkaufs, etc.)"
riportato su base annua,"Umfang (des möglichen Einkaufs, etc.)"
umhüllende(r) Fonds/Kasse,"Umfang (des möglichen Einkaufs, etc.)"
fondo/cassa avvolgente,fonds/caisse enveloppant
Umsatz,fonds/caisse enveloppant
"fatturato, giro d'affari (Letzeres auch für Geschäftsumfang u.Ä.)",fonds/caisse enveloppant
taux de conversion,fonds/caisse enveloppant
Copertura insufficiente (Formul. gem. BVG) / deficit di copertura,Congedo non pagato
décourvert (technique),Congedo non pagato
sostentamento,Congedo non pagato
entretien,Unterhalt  (eines Kindes)
Figlio a carico,Unterhalt  (eines Kindes)
Stipulare un accordo,"Contabilizzazione, allibramento, registrazione (contabile)"
procedimento,"Contabilizzazione, allibramento, registrazione (contabile)"
"Estinguersi, essere devoluto alla Cassa","Verfallen (ein Recht), an die Kasse verfallen"
Verhältnismässigkeit (auch fig.),"Verfallen (ein Recht), an die Kasse verfallen"
Proporzionalità,"Verfallen (ein Recht), an die Kasse verfallen"
Vermögen,perte
fortune,perte
Vermögensertrag,perte
Produits de la fortune,perte
Vermögenslage,situazione patrimoniale
Vermögensrendite,situazione patrimoniale
reddito patrimoniale,situazione patrimoniale
Vermögensverwalter,situazione patrimoniale
gestore patrimoniale,situazione patrimoniale
gestionnaire de fortune,Vermögensverwaltung
gestione patrimoniale,Vermögensverwaltung
gestion de fortune,Vermögensverwaltung
"imputare (l’importo è imputato a), compensare con / imputazione",Vermögensverwaltung
effectif des assurés,effettivo degli assicurati
Versicherungsfalle,effettivo degli assicurati
evento assicurato,effettivo degli assicurati
Engagements actuariels,Vertragsauflösung
"Annullation, résiliation du contrat",Vertragsauflösung
Vertragskündigung,Vertragsauflösung
Résiliation,Vertragsauflösung
volle Pension,rendita intera
Déploier ses effets,rendita intera
"vom Lohn abgezogen, zurückbehalten",rendita intera
trattenuto dal (weniger gut: sul) salario,rendita intera
"Se délier, se départir  du contrat",Vom Vertrag zurücktreten
avoir de retraite théorique,Vom Vertrag zurücktreten
"vorherig, bisherig (bisher gültig, in Kraft)",Vom Vertrag zurücktreten
"Wahlauswertung, Stimmenzählung",spoglio (delle schede / dei voti)
Währungsgewinn,spoglio (delle schede / dei voti)
"guadagno sul cambio, utile di quotazione",spoglio (delle schede / dei voti)
"cambio, corso del cambio",spoglio (delle schede / dei voti)
"Di uguale valore, equivalente",Wertgleich
portefeuille titres,Wertgleich
dati economici,"ripresa economica, boom"
Wohnort,"ripresa economica, boom"
"domicilio / dimora (in Svizzera burocraticamente non si usa ""residenza"")","ripresa economica, boom"
"résidence, domicile",Zeichnungsberechtigung
Facoltà di firma,Zeichnungsberechtigung
Obiettivo (fissato),Zeichnungsberechtigung
Zielwert der Rückstellungen,Zeichnungsberechtigung
Zins gewähren auf,Valeur oder montant cible des provisions
accreditare interessi su,Valeur oder montant cible des provisions
costo degli interessi,Valeur oder montant cible des provisions
En faveur ou à l'encontre de,proventi / redditi di interessi
Quando/finché era in vita,proventi / redditi di interessi
de son vivant,zu seinen Lasten
à sa charge,zu seinen Lasten
Zusammentreffen von Leistungen,zu seinen Lasten
concorso di prestazioni,zu seinen Lasten
Melden,Courtier
"Notificare, comunicare",Courtier
Annoncer,Courtier
Mutterschaftsentschädigung,Courtier
Indennità  di maternità,Courtier
Allocations de maternité,Courtier
"Nach, gemäss",Courtier
En fonction de,Courtier
Nicht in Anspruch genommener Teil der Prämie,Courtier
Parte del premio non utilizzata,Courtier
Part de la  prime non absorbée,Courtier
Ordentlich,Courtier
Ordinario,Courtier
Ordinaire,Courtier
Prämie,Courtier
Premio,Courtier
Prime,Courtier
Ratenzahlung,Courtier
Pagamento frazionato,Courtier
Paiement fractionné,Courtier
Risikoabklärung,Courtier
Valutazione del rischio,Courtier
Appréciation des risques,Courtier
Sachdienliche Auskünfte,Courtier
Informazioni pertinenti,Courtier
renseignements pertinants,Courtier
Sachlicher Zusammenhang,Courtier
Legame materiale,Courtier
Lien matériel,Courtier
Sachverhaltsermittlung,Courtier
Determinazione dello stato dei fatti,Courtier
Etabillsement des faits,Courtier
"Schadenfall, Versicherungsfall",Courtier
"Sinistro, caso assicurato",Courtier
Schadenversicherung,Courtier
Assicurazione contro i danni,Courtier
Assurance dommages,Courtier
Tarifierung,Courtier
tariffazione,Courtier
Tarification,Courtier
Umfang,Courtier
Estensione,Courtier
Étendue,Courtier
Urkundendelikt,Courtier
Falso in atti,Courtier
